,codMuni,NHOSPI,NFARMA,NCENTEDUC,NATURGHOSP,NATPRIMARIA,DISTHOSPIT,DISTFARMA,DISTCEDUC,DISTCURGH,DISTATPRIM
1041,24089,5,31.0,70.0,4.0,11.0,1.7043589380000002,1.532529216,1.2627803160000002,1.741294896,1.041059556
1640,33024,8,49.0,252.0,11.0,15.0,4.736787301000001,4.356865277,1.769208098,4.704071874,3.419299945
1658,33042,0,1.0,4.0,1.0,1.0,8.030180365,1.8094997430000002,1.696439314,2.114355418,1.908441395
2142,37274,3,88.0,232.0,2.0,12.0,2.267347039,0.901498826,0.745694993,1.861150827,1.057718249
2282,39035,1,7.0,18.0,1.0,1.0,2.2661429010000003,1.1082647609999998,1.129460478,1.590443742,1.535822978
2322,39075,4,45.0,152.0,2.0,12.0,1.894517652,1.0310378370000002,0.673276467,1.8495976299999999,0.9847150840000001
2332,39085,0,2.0,4.0,1.0,1.0,6.086627482,2.111811528,2.1763398109999996,2.249691385,1.6822957349999998
3222,48020,10,159.0,212.0,6.0,24.0,1.6658953429999999,0.750481617,0.746962975,1.6056144529999998,0.9342834299999999
