,CODMUNI,MEANCARRETN,MEANDISAUT,MEANDISFERR,MEANPENDI,MEANMDT,MEANDISN10M
24,33024,3.86411031,1.9811248940000001,3.5265314549999998,8.030764,123.193442,6.4905868170000005
42,33042,2.329964896,1.80541657,1.399511289,4.955678,229.44351,4.101466028
906,24089,1.056845468,0.8603849330000001,2.0953304939999997,2.267796,839.681294,2.488259734
1498,37274,1.45535654,1.58769103,2.845386948,2.880397,811.855511,2.771981892
2377,39085,3.8235054340000003,3.933699944,3.588079635,5.522714,57.649513,7.050115589
2419,39035,1.337714058,1.8352608350000001,4.0462121579999994,5.888033,57.969616,1.837223309
2455,39075,2.736969834,1.742868156,1.672947567,3.461595,25.932561,1.671173999
2652,48020,4.521362699,1.417942382,1.4795151579999999,12.100051,145.8034,2.593311687
